[
  {
    "_id": "f562dc20-2a05-11e8-ab27-8fbecdf8c5f8",
    "_type": "dashboard",
    "_source": {
      "title": "DMARC - Searchable",
      "hits": 0,
      "description": "",
      "panelsJSON": "[{\"panelIndex\":\"1\",\"gridData\":{\"x\":0,\"y\":0,\"w\":6,\"h\":8,\"i\":\"1\"},\"title\":\"\",\"version\":\"6.2.2\",\"type\":\"visualization\",\"id\":\"2a1cf250-1441-11e8-8dc5-e141d701899b\",\"embeddableConfig\":{\"mapZoom\":3,\"mapCenter\":[19.47695020648843,-25.839843750000003]}},{\"panelIndex\":\"2\",\"gridData\":{\"x\":6,\"y\":0,\"w\":6,\"h\":6,\"i\":\"2\"},\"title\":\"\",\"version\":\"6.2.2\",\"type\":\"search\",\"id\":\"285422c0-144d-11e8-8dc5-e141d701899b\"},{\"panelIndex\":\"3\",\"gridData\":{\"x\":6,\"y\":6,\"w\":2,\"h\":2,\"i\":\"3\"},\"title\":\"\",\"version\":\"6.2.2\",\"type\":\"visualization\",\"id\":\"05ebb890-0fbd-11e8-8dc5-e141d701899b\"},{\"panelIndex\":\"4\",\"gridData\":{\"x\":8,\"y\":6,\"w\":2,\"h\":2,\"i\":\"4\"},\"title\":\"Top Reporting Organizations\",\"version\":\"6.2.2\",\"type\":\"visualization\",\"id\":\"b8693ba0-0fbd-11e8-8dc5-e141d701899b\"},{\"panelIndex\":\"5\",\"gridData\":{\"x\":10,\"y\":6,\"w\":2,\"h\":2,\"i\":\"5\"},\"title\":\"SPF Result\",\"version\":\"6.2.2\",\"type\":\"visualization\",\"id\":\"b7466350-0fb9-11e8-8dc5-e141d701899b\"},{\"title\":\"Top Senders (City)\",\"panelIndex\":\"6\",\"gridData\":{\"x\":0,\"y\":8,\"w\":4,\"h\":3,\"i\":\"6\"},\"version\":\"6.2.2\",\"type\":\"visualization\",\"id\":\"a1fc8b00-1f4f-11e8-9724-59524d75d35b\"},{\"title\":\"Top Senders (Region)\",\"panelIndex\":\"7\",\"gridData\":{\"x\":4,\"y\":8,\"w\":4,\"h\":3,\"i\":\"7\"},\"version\":\"6.2.2\",\"type\":\"visualization\",\"id\":\"b3851180-1f4f-11e8-9724-59524d75d35b\"},{\"title\":\"Top Senders (Country)\",\"panelIndex\":\"8\",\"gridData\":{\"x\":8,\"y\":8,\"w\":4,\"h\":3,\"i\":\"8\"},\"version\":\"6.2.2\",\"type\":\"visualization\",\"id\":\"17d5b590-1f4b-11e8-9724-59524d75d35b\"}]",
      "optionsJSON": "{\"darkTheme\":true,\"useMargins\":true,\"hidePanelTitles\":false}",
      "version": 1,
      "timeRestore": false,
      "kibanaSavedObjectMeta": {
        "searchSourceJSON": "{\"query\":{\"query\":\"\",\"language\":\"lucene\"},\"filter\":[],\"highlightAll\":true,\"version\":true}"
      }
    },
    "_meta": {
      "savedObjectVersion": 2
    }
  },
  {
    "_id": "faaa0cf0-279c-11e8-b656-99c73f50969b",
    "_type": "dashboard",
    "_source": {
      "title": "DMARC",
      "hits": 0,
      "description": "",
      "panelsJSON": "[{\"embeddableConfig\":{\"mapCenter\":[37.09023980307208,-96.767578125],\"mapZoom\":4},\"gridData\":{\"h\":5,\"i\":\"2\",\"w\":6,\"x\":6,\"y\":0},\"id\":\"2a1cf250-1441-11e8-8dc5-e141d701899b\",\"panelIndex\":\"2\",\"title\":\"United States\",\"type\":\"visualization\",\"version\":\"6.2.2\"},{\"gridData\":{\"h\":2,\"i\":\"3\",\"w\":2,\"x\":0,\"y\":5},\"id\":\"bc238b40-2608-11e8-b656-99c73f50969b\",\"panelIndex\":\"3\",\"title\":\"\",\"type\":\"visualization\",\"version\":\"6.2.2\"},{\"gridData\":{\"h\":2,\"i\":\"4\",\"w\":2,\"x\":0,\"y\":7},\"id\":\"05ebb890-0fbd-11e8-8dc5-e141d701899b\",\"panelIndex\":\"4\",\"title\":\"\",\"type\":\"visualization\",\"version\":\"6.2.2\"},{\"gridData\":{\"h\":3,\"i\":\"5\",\"w\":3,\"x\":6,\"y\":5},\"id\":\"17d5b590-1f4b-11e8-9724-59524d75d35b\",\"panelIndex\":\"5\",\"title\":\"Top Senders (Country)\",\"type\":\"visualization\",\"version\":\"6.2.2\"},{\"gridData\":{\"h\":3,\"i\":\"7\",\"w\":2,\"x\":4,\"y\":5},\"id\":\"b7466350-0fb9-11e8-8dc5-e141d701899b\",\"panelIndex\":\"7\",\"title\":\"SPF Result\",\"type\":\"visualization\",\"version\":\"6.2.2\"},{\"embeddableConfig\":{\"vis\":{\"legendOpen\":true}},\"gridData\":{\"h\":3,\"i\":\"9\",\"w\":3,\"x\":3,\"y\":8},\"id\":\"b8693ba0-0fbd-11e8-8dc5-e141d701899b\",\"panelIndex\":\"9\",\"title\":\"Top Reporting Orgs\",\"type\":\"visualization\",\"version\":\"6.2.2\"},{\"gridData\":{\"h\":3,\"i\":\"11\",\"w\":2,\"x\":2,\"y\":5},\"id\":\"70f01850-2af4-11e8-82fd-c3afa5ff1700\",\"panelIndex\":\"11\",\"title\":\"DKIM Result\",\"type\":\"visualization\",\"version\":\"6.2.2\"},{\"gridData\":{\"h\":3,\"i\":\"12\",\"w\":3,\"x\":9,\"y\":5},\"id\":\"d24e3380-2af3-11e8-82fd-c3afa5ff1700\",\"panelIndex\":\"12\",\"type\":\"visualization\",\"version\":\"6.2.2\"},{\"gridData\":{\"h\":3,\"i\":\"13\",\"w\":6,\"x\":6,\"y\":8},\"id\":\"fe0d2020-2af4-11e8-82fd-c3afa5ff1700\",\"panelIndex\":\"13\",\"type\":\"visualization\",\"version\":\"6.2.2\"},{\"embeddableConfig\":{\"mapCenter\":[22.917922936146045,9.492187500000001],\"mapZoom\":2},\"gridData\":{\"h\":5,\"i\":\"14\",\"w\":6,\"x\":0,\"y\":0},\"id\":\"e08d10a0-2b1c-11e8-b837-2149440f704a\",\"panelIndex\":\"14\",\"type\":\"visualization\",\"version\":\"6.2.2\"}]",
      "optionsJSON": "{\"darkTheme\":true,\"hidePanelTitles\":false,\"useMargins\":true}",
      "version": 1,
      "timeRestore": false,
      "kibanaSavedObjectMeta": {
        "searchSourceJSON": "{\"query\":{\"language\":\"lucene\",\"query\":\"\"},\"filter\":[],\"highlightAll\":true,\"version\":true}"
      }
    },
    "_meta": {
      "savedObjectVersion": 2
    }
  },
  {
    "_id": "37c99200-0fbe-11e8-8dc5-e141d701899b",
    "_type": "search",
    "_source": {
      "title": "DMARC - Reported Policies",
      "description": "",
      "hits": 0,
      "columns": [
        "policy.domain",
        "policy.dmarc.domain_action",
        "policy.spf_alignment",
        "policy.dkim_alignment"
      ],
      "sort": [
        "@timestamp",
        "desc"
      ],
      "version": 1,
      "kibanaSavedObjectMeta": {
        "searchSourceJSON": "{\"index\":\"dmarcxml-*\",\"highlightAll\":true,\"version\":true,\"query\":{\"query\":\"\",\"language\":\"lucene\"},\"filter\":[]}"
      }
    },
    "_meta": {
      "savedObjectVersion": 2
    }
  },
  {
    "_id": "285422c0-144d-11e8-8dc5-e141d701899b",
    "_type": "search",
    "_source": {
      "title": "DMARC - City, Region, Nation",
      "description": "",
      "hits": 0,
      "columns": [
        "email.source_ip",
        "geoip.city_name",
        "geoip.region_name",
        "geoip.country_name"
      ],
      "sort": [
        "@timestamp",
        "desc"
      ],
      "version": 1,
      "kibanaSavedObjectMeta": {
        "searchSourceJSON": "{\"index\":\"dmarcxml-*\",\"highlightAll\":true,\"version\":true,\"query\":{\"language\":\"lucene\",\"query\":\"\"},\"filter\":[]}"
      }
    },
    "_meta": {
      "savedObjectVersion": 2
    }
  },
  {
    "_id": "a1fc8b00-1f4f-11e8-9724-59524d75d35b",
    "_type": "visualization",
    "_source": {
      "title": "DMARC - Top Senders (City)",
      "visState": "{\"title\":\"DMARC - Top Senders (City)\",\"type\":\"horizontal_bar\",\"params\":{\"type\":\"histogram\",\"grid\":{\"categoryLines\":false,\"style\":{\"color\":\"#eee\"},\"valueAxis\":\"ValueAxis-1\"},\"categoryAxes\":[{\"id\":\"CategoryAxis-1\",\"type\":\"category\",\"position\":\"left\",\"show\":true,\"style\":{},\"scale\":{\"type\":\"linear\"},\"labels\":{\"show\":true,\"rotate\":0,\"filter\":false,\"truncate\":200},\"title\":{}}],\"valueAxes\":[{\"id\":\"ValueAxis-1\",\"name\":\"LeftAxis-1\",\"type\":\"value\",\"position\":\"bottom\",\"show\":true,\"style\":{},\"scale\":{\"type\":\"linear\",\"mode\":\"normal\"},\"labels\":{\"show\":true,\"rotate\":75,\"filter\":true,\"truncate\":100},\"title\":{\"text\":\"Emails\"}}],\"seriesParams\":[{\"show\":true,\"type\":\"histogram\",\"mode\":\"normal\",\"data\":{\"label\":\"Emails\",\"id\":\"1\"},\"valueAxis\":\"ValueAxis-1\",\"drawLinesBetweenPoints\":true,\"showCircles\":true}],\"addTooltip\":true,\"addLegend\":true,\"legendPosition\":\"right\",\"times\":[],\"addTimeMarker\":false,\"orderBucketsBySum\":true},\"aggs\":[{\"id\":\"1\",\"enabled\":true,\"type\":\"count\",\"schema\":\"metric\",\"params\":{\"customLabel\":\"Emails\"}},{\"id\":\"2\",\"enabled\":true,\"type\":\"terms\",\"schema\":\"segment\",\"params\":{\"field\":\"geoip.city_name.keyword\",\"otherBucket\":false,\"otherBucketLabel\":\"Other\",\"missingBucket\":false,\"missingBucketLabel\":\"Missing\",\"size\":5,\"order\":\"desc\",\"orderBy\":\"1\",\"customLabel\":\"City\"}}]}",
      "uiStateJSON": "{}",
      "description": "",
      "version": 1,
      "kibanaSavedObjectMeta": {
        "searchSourceJSON": "{\"index\":\"dmarcxml-*\",\"filter\":[],\"query\":{\"query\":\"\",\"language\":\"lucene\"}}"
      }
    },
    "_meta": {
      "savedObjectVersion": 2
    }
  },
  {
    "_id": "7d87ac50-0fb9-11e8-8dc5-e141d701899b",
    "_type": "visualization",
    "_source": {
      "title": "DMARC - Region Map - US - DefaultMap",
      "visState": "{\"title\":\"DMARC - Region Map - US - DefaultMap\",\"type\":\"region_map\",\"params\":{\"legendPosition\":\"bottomright\",\"addTooltip\":true,\"colorSchema\":\"Reds\",\"selectedLayer\":{\"attribution\":\"<p><a href=\\\"http://www.naturalearthdata.com/about/terms-of-use\\\">Made with NaturalEarth</a> | <a href=\\\"https://www.elastic.co/elastic-maps-service\\\">Elastic Maps Service</a></p>&#10;\",\"name\":\"US States\",\"format\":\"geojson\",\"url\":\"https://layers.geo.elastic.co/blob/5086441721823232?elastic_tile_service_tos=agree&my_app_version=6.1.1\",\"fields\":[{\"name\":\"postal\",\"description\":\"Two letter abbreviation\"},{\"name\":\"name\",\"description\":\"State name\"}],\"created_at\":\"2017-04-26T19:45:22.377820\",\"tags\":[],\"id\":5086441721823232,\"layerId\":\"elastic_maps_service.US States\"},\"selectedJoinField\":{\"name\":\"name\",\"description\":\"State name\"},\"isDisplayWarning\":false,\"wms\":{\"enabled\":false,\"options\":{\"format\":\"image/png\",\"transparent\":true,\"layers\":\"TOPO-OSM-WMS\",\"version\":\"1.3.0\",\"attribution\":\"Mundialis Mapping Service\"},\"url\":\"http://ows.mundialis.de/services/service?\"},\"mapZoom\":2,\"mapCenter\":[0,0]},\"aggs\":[{\"id\":\"1\",\"enabled\":true,\"type\":\"count\",\"schema\":\"metric\",\"params\":{\"customLabel\":\"Messages Sent\"}},{\"id\":\"2\",\"enabled\":true,\"type\":\"terms\",\"schema\":\"segment\",\"params\":{\"field\":\"geoip.region_name.keyword\",\"size\":20000,\"order\":\"desc\",\"orderBy\":\"1\",\"customLabel\":\"State\"}}]}",
      "uiStateJSON": "{\"mapZoom\":5,\"mapCenter\":[37.80544394934274,-94.39453125000001]}",
      "description": "",
      "version": 1,
      "kibanaSavedObjectMeta": {
        "searchSourceJSON": "{\"index\":\"dmarcxml-*\",\"filter\":[],\"query\":{\"query\":\"\",\"language\":\"lucene\"}}"
      }
    },
    "_meta": {
      "savedObjectVersion": 2
    }
  },
  {
    "_id": "d5fb9fa0-1440-11e8-8dc5-e141d701899b",
    "_type": "visualization",
    "_source": {
      "title": "DMARC - Region Map - US - CustomMap",
      "visState": "{\"title\":\"DMARC - Region Map - US - CustomMap\",\"type\":\"region_map\",\"params\":{\"legendPosition\":\"bottomright\",\"addTooltip\":true,\"colorSchema\":\"Reds\",\"selectedLayer\":{\"attribution\":\"<p><a href=\\\"http://www.naturalearthdata.com/about/terms-of-use\\\">Made with NaturalEarth</a> | <a href=\\\"https://www.elastic.co/elastic-maps-service\\\">Elastic Maps Service</a></p>&#10;\",\"name\":\"US States\",\"format\":\"geojson\",\"url\":\"https://layers.geo.elastic.co/blob/5086441721823232?elastic_tile_service_tos=agree&my_app_version=6.1.1\",\"fields\":[{\"name\":\"postal\",\"description\":\"Two letter abbreviation\"},{\"name\":\"name\",\"description\":\"State name\"}],\"created_at\":\"2017-04-26T19:45:22.377820\",\"tags\":[],\"id\":5086441721823232,\"layerId\":\"elastic_maps_service.US States\"},\"selectedJoinField\":{\"name\":\"name\",\"description\":\"State name\"},\"isDisplayWarning\":false,\"wms\":{\"enabled\":true,\"options\":{\"format\":\"image/png\",\"transparent\":true,\"layers\":\"TOPO-OSM-WMS\",\"version\":\"1.3.0\",\"attribution\":\"Mundialis Mapping Service\"},\"url\":\"http://ows.mundialis.de/services/service?\"},\"mapZoom\":2,\"mapCenter\":[0,0]},\"aggs\":[{\"id\":\"1\",\"enabled\":true,\"type\":\"count\",\"schema\":\"metric\",\"params\":{\"customLabel\":\"Messages Sent\"}},{\"id\":\"2\",\"enabled\":true,\"type\":\"terms\",\"schema\":\"segment\",\"params\":{\"field\":\"geoip.region_name.keyword\",\"size\":20000,\"order\":\"desc\",\"orderBy\":\"1\",\"customLabel\":\"State\"}}]}",
      "uiStateJSON": "{\"mapZoom\":5,\"mapCenter\":[37.80544394934274,-94.39453125000001]}",
      "description": "",
      "version": 1,
      "kibanaSavedObjectMeta": {
        "searchSourceJSON": "{\"index\":\"dmarcxml-*\",\"filter\":[],\"query\":{\"query\":\"\",\"language\":\"lucene\"}}"
      }
    },
    "_meta": {
      "savedObjectVersion": 2
    }
  },
  {
    "_id": "2a1cf250-1441-11e8-8dc5-e141d701899b",
    "_type": "visualization",
    "_source": {
      "title": "DMARC - Coordinate Map - US - DefaultMap - ScaledCircles",
      "visState": "{\"title\":\"DMARC - Coordinate Map - US - DefaultMap - ScaledCircles\",\"type\":\"tile_map\",\"params\":{\"mapType\":\"Scaled Circle Markers\",\"isDesaturated\":true,\"addTooltip\":true,\"heatClusterSize\":1.5,\"legendPosition\":\"bottomleft\",\"mapZoom\":2,\"mapCenter\":[0,0],\"wms\":{\"enabled\":false,\"options\":{\"format\":\"image/png\",\"transparent\":true,\"layers\":\"TOPO-OSM-WMS\",\"version\":\"1.3.0\",\"attribution\":\"Mundialis Mapping Service\"},\"baseLayersAreLoaded\":{},\"tmsLayers\":[{\"id\":\"road_map\",\"url\":\"https://tiles.maps.elastic.co/v2/default/{z}/{x}/{y}.png?elastic_tile_service_tos=agree&my_app_name=kibana&my_app_version=6.2.2&license=7dafc3ad-6752-498d-bb49-42725ba12530\",\"minZoom\":0,\"maxZoom\":18,\"attribution\":\"<p>&#169; <a href=\\\"http://www.openstreetmap.org/copyright\\\">OpenStreetMap</a> contributors | <a href=\\\"https://www.elastic.co/elastic-maps-service\\\">Elastic Maps Service</a></p>&#10;\",\"subdomains\":[]}],\"selectedTmsLayer\":{\"id\":\"road_map\",\"url\":\"https://tiles.maps.elastic.co/v2/default/{z}/{x}/{y}.png?elastic_tile_service_tos=agree&my_app_name=kibana&my_app_version=6.2.2&license=7dafc3ad-6752-498d-bb49-42725ba12530\",\"minZoom\":0,\"maxZoom\":18,\"attribution\":\"<p>&#169; <a href=\\\"http://www.openstreetmap.org/copyright\\\">OpenStreetMap</a> contributors | <a href=\\\"https://www.elastic.co/elastic-maps-service\\\">Elastic Maps Service</a></p>&#10;\",\"subdomains\":[]},\"url\":\"http://ows.mundialis.de/services/service?\"}},\"aggs\":[{\"id\":\"1\",\"enabled\":true,\"type\":\"count\",\"schema\":\"metric\",\"params\":{}},{\"id\":\"2\",\"enabled\":true,\"type\":\"geohash_grid\",\"schema\":\"segment\",\"params\":{\"field\":\"geoip.location.coordinates\",\"autoPrecision\":true,\"isFilteredByCollar\":true,\"useGeocentroid\":true,\"precision\":3}}]}",
      "uiStateJSON": "{\"mapZoom\":5,\"mapCenter\":[37.75334401310659,-90.87890625000001]}",
      "description": "",
      "version": 1,
      "kibanaSavedObjectMeta": {
        "searchSourceJSON": "{\"index\":\"dmarcxml-*\",\"filter\":[],\"query\":{\"query\":\"\",\"language\":\"lucene\"}}"
      }
    },
    "_meta": {
      "savedObjectVersion": 2
    }
  },
  {
    "_id": "b7466350-0fb9-11e8-8dc5-e141d701899b",
    "_type": "visualization",
    "_source": {
      "title": "DMARC - SPF Result",
      "visState": "{\"title\":\"DMARC - SPF Result\",\"type\":\"pie\",\"params\":{\"type\":\"pie\",\"addTooltip\":true,\"addLegend\":true,\"legendPosition\":\"right\",\"isDonut\":false,\"labels\":{\"show\":true,\"values\":true,\"last_level\":true,\"truncate\":100}},\"aggs\":[{\"id\":\"1\",\"enabled\":true,\"type\":\"count\",\"schema\":\"metric\",\"params\":{}},{\"id\":\"2\",\"enabled\":true,\"type\":\"terms\",\"schema\":\"segment\",\"params\":{\"field\":\"email.spf_evaluation.keyword\",\"otherBucket\":false,\"otherBucketLabel\":\"Other\",\"missingBucket\":false,\"missingBucketLabel\":\"Missing\",\"size\":5,\"order\":\"desc\",\"orderBy\":\"1\",\"customLabel\":\"SPF Result\"}}]}",
      "uiStateJSON": "{\"vis\":{\"legendOpen\":false}}",
      "description": "",
      "version": 1,
      "kibanaSavedObjectMeta": {
        "searchSourceJSON": "{\"index\":\"dmarcxml-*\",\"filter\":[],\"query\":{\"query\":\"\",\"language\":\"lucene\"}}"
      }
    },
    "_meta": {
      "savedObjectVersion": 2
    }
  },
  {
    "_id": "bc238b40-2608-11e8-b656-99c73f50969b",
    "_type": "visualization",
    "_source": {
      "title": "DMARC - Ingested Reports",
      "visState": "{\"title\":\"DMARC - Ingested Reports\",\"type\":\"metric\",\"params\":{\"addTooltip\":true,\"addLegend\":false,\"type\":\"metric\",\"metric\":{\"percentageMode\":false,\"useRanges\":false,\"colorSchema\":\"Green to Red\",\"metricColorMode\":\"None\",\"colorsRange\":[{\"from\":0,\"to\":10000}],\"labels\":{\"show\":true},\"invertColors\":false,\"style\":{\"bgFill\":\"#000\",\"bgColor\":false,\"labelColor\":false,\"subText\":\"\",\"fontSize\":50}}},\"aggs\":[{\"id\":\"1\",\"enabled\":true,\"type\":\"cardinality\",\"schema\":\"metric\",\"params\":{\"field\":\"path.keyword\",\"customLabel\":\"Ingested Reports\"}}]}",
      "uiStateJSON": "{}",
      "description": "",
      "version": 1,
      "kibanaSavedObjectMeta": {
        "searchSourceJSON": "{\"index\":\"dmarcxml-*\",\"filter\":[],\"query\":{\"query\":\"\",\"language\":\"lucene\"}}"
      }
    },
    "_meta": {
      "savedObjectVersion": 2
    }
  },
  {
    "_id": "05ebb890-0fbd-11e8-8dc5-e141d701899b",
    "_type": "visualization",
    "_source": {
      "title": "DMARC - Email Count",
      "visState": "{\"title\":\"DMARC - Email Count\",\"type\":\"metric\",\"params\":{\"addTooltip\":true,\"addLegend\":false,\"type\":\"metric\",\"metric\":{\"percentageMode\":false,\"useRanges\":false,\"colorSchema\":\"Green to Red\",\"metricColorMode\":\"None\",\"colorsRange\":[{\"from\":0,\"to\":10000}],\"labels\":{\"show\":true},\"invertColors\":false,\"style\":{\"bgFill\":\"#000\",\"bgColor\":false,\"labelColor\":false,\"subText\":\"\",\"fontSize\":50}}},\"aggs\":[{\"id\":\"1\",\"enabled\":true,\"type\":\"sum\",\"schema\":\"metric\",\"params\":{\"field\":\"email.count\",\"customLabel\":\"Emails Sent\"}}]}",
      "uiStateJSON": "{}",
      "description": "",
      "version": 1,
      "kibanaSavedObjectMeta": {
        "searchSourceJSON": "{\"index\":\"dmarcxml-*\",\"filter\":[],\"query\":{\"query\":\"\",\"language\":\"lucene\"}}"
      }
    },
    "_meta": {
      "savedObjectVersion": 2
    }
  },
  {
    "_id": "70f01850-2af4-11e8-82fd-c3afa5ff1700",
    "_type": "visualization",
    "_source": {
      "title": "DMARC - DKIM Result",
      "visState": "{\"title\":\"DMARC - DKIM Result\",\"type\":\"pie\",\"params\":{\"type\":\"pie\",\"addTooltip\":true,\"addLegend\":true,\"legendPosition\":\"right\",\"isDonut\":false,\"labels\":{\"show\":true,\"values\":true,\"last_level\":true,\"truncate\":100}},\"aggs\":[{\"id\":\"1\",\"enabled\":true,\"type\":\"count\",\"schema\":\"metric\",\"params\":{\"customLabel\":\"\"}},{\"id\":\"2\",\"enabled\":true,\"type\":\"terms\",\"schema\":\"segment\",\"params\":{\"field\":\"email.dkim_evaluation.keyword\",\"otherBucket\":false,\"otherBucketLabel\":\"Other\",\"missingBucket\":false,\"missingBucketLabel\":\"Missing\",\"size\":5,\"order\":\"desc\",\"orderBy\":\"1\",\"customLabel\":\"DKIM Evaluation\"}}]}",
      "uiStateJSON": "{\"vis\":{\"legendOpen\":false}}",
      "description": "",
      "version": 1,
      "kibanaSavedObjectMeta": {
        "searchSourceJSON": "{\"index\":\"dmarcxml-*\",\"filter\":[],\"query\":{\"query\":\"\",\"language\":\"lucene\"}}"
      }
    },
    "_meta": {
      "savedObjectVersion": 2
    }
  },
  {
    "_id": "0c213930-2b1d-11e8-b837-2149440f704a",
    "_type": "visualization",
    "_source": {
      "title": "DMARC - Region Map - World - CustomMap",
      "visState": "{\"title\":\"DMARC - Region Map - World - CustomMap\",\"type\":\"region_map\",\"params\":{\"legendPosition\":\"bottomright\",\"addTooltip\":true,\"colorSchema\":\"Reds\",\"selectedLayer\":{\"attribution\":\"<p><a href=\\\"http://www.naturalearthdata.com/about/terms-of-use\\\">Made with NaturalEarth</a> | <a href=\\\"https://www.elastic.co/elastic-maps-service\\\">Elastic Maps Service</a></p>&#10;\",\"name\":\"World Countries\",\"format\":{\"type\":\"geojson\"},\"url\":\"https://vector.maps.elastic.co/blob/5659313586569216?elastic_tile_service_tos=agree&my_app_version=6.2.2\",\"fields\":[{\"name\":\"iso2\",\"description\":\"Two letter abbreviation\"},{\"name\":\"name\",\"description\":\"Country name\"},{\"name\":\"iso3\",\"description\":\"Three letter abbreviation\"}],\"created_at\":\"2017-04-26T17:12:15.978370\",\"tags\":[],\"id\":5659313586569216,\"layerId\":\"elastic_maps_service.World Countries\"},\"selectedJoinField\":{\"name\":\"name\",\"description\":\"Country name\"},\"isDisplayWarning\":true,\"wms\":{\"enabled\":true,\"options\":{\"format\":\"image/png\",\"transparent\":true,\"layers\":\"TOPO-OSM-WMS\",\"version\":\"1.3.0\",\"attribution\":\"Mundialis Mapping Service\"},\"baseLayersAreLoaded\":{\"_c\":[],\"_s\":1,\"_d\":true,\"_v\":true,\"_h\":0,\"_n\":false},\"tmsLayers\":[{\"id\":\"road_map\",\"url\":\"https://tiles.maps.elastic.co/v2/default/{z}/{x}/{y}.png?elastic_tile_service_tos=agree&my_app_name=kibana&my_app_version=6.2.2\",\"minZoom\":0,\"maxZoom\":10,\"attribution\":\"<p>&#169; <a href=\\\"http://www.openstreetmap.org/copyright\\\">OpenStreetMap</a> contributors | <a href=\\\"https://www.elastic.co/elastic-maps-service\\\">Elastic Maps Service</a></p>&#10;\",\"subdomains\":[]}],\"selectedTmsLayer\":{\"id\":\"road_map\",\"url\":\"https://tiles.maps.elastic.co/v2/default/{z}/{x}/{y}.png?elastic_tile_service_tos=agree&my_app_name=kibana&my_app_version=6.2.2\",\"minZoom\":0,\"maxZoom\":10,\"attribution\":\"<p>&#169; <a href=\\\"http://www.openstreetmap.org/copyright\\\">OpenStreetMap</a> contributors | <a href=\\\"https://www.elastic.co/elastic-maps-service\\\">Elastic Maps Service</a></p>&#10;\",\"subdomains\":[]},\"url\":\"http://ows.mundialis.de/services/service?\"},\"mapZoom\":2,\"mapCenter\":[0,0],\"outlineWeight\":1,\"showAllShapes\":true},\"aggs\":[{\"id\":\"1\",\"enabled\":true,\"type\":\"count\",\"schema\":\"metric\",\"params\":{}},{\"id\":\"2\",\"enabled\":true,\"type\":\"terms\",\"schema\":\"segment\",\"params\":{\"field\":\"geoip.country_name.keyword\",\"otherBucket\":false,\"otherBucketLabel\":\"Other\",\"missingBucket\":false,\"missingBucketLabel\":\"Missing\",\"size\":100000000,\"order\":\"desc\",\"orderBy\":\"1\"}}]}",
      "uiStateJSON": "{\"mapZoom\":3,\"mapCenter\":[6.664607562172573,5.097656250000001]}",
      "description": "",
      "version": 1,
      "kibanaSavedObjectMeta": {
        "searchSourceJSON": "{\"index\":\"dmarcxml-*\",\"filter\":[],\"query\":{\"query\":\"\",\"language\":\"lucene\"}}"
      }
    },
    "_meta": {
      "savedObjectVersion": 2
    }
  },
  {
    "_id": "4723d300-1441-11e8-8dc5-e141d701899b",
    "_type": "visualization",
    "_source": {
      "title": "DMARC - Coordinate Map - US - DefaultMap - HeatMap",
      "visState": "{\"title\":\"DMARC - Coordinate Map - US - DefaultMap - HeatMap\",\"type\":\"tile_map\",\"params\":{\"mapType\":\"Heatmap\",\"isDesaturated\":true,\"addTooltip\":true,\"heatClusterSize\":1.5,\"legendPosition\":\"bottomright\",\"mapZoom\":2,\"mapCenter\":[0,0],\"wms\":{\"enabled\":false,\"options\":{\"format\":\"image/png\",\"transparent\":true}}},\"aggs\":[{\"id\":\"1\",\"enabled\":true,\"type\":\"count\",\"schema\":\"metric\",\"params\":{}},{\"id\":\"2\",\"enabled\":true,\"type\":\"geohash_grid\",\"schema\":\"segment\",\"params\":{\"field\":\"geoip.location.coordinates\",\"autoPrecision\":false,\"isFilteredByCollar\":false,\"useGeocentroid\":true,\"precision\":3}}]}",
      "uiStateJSON": "{\"mapZoom\":5,\"mapCenter\":[35.44277092585766,-92.373046875]}",
      "description": "",
      "version": 1,
      "kibanaSavedObjectMeta": {
        "searchSourceJSON": "{\"index\":\"dmarcxml-*\",\"filter\":[],\"query\":{\"query\":\"\",\"language\":\"lucene\"}}"
      }
    },
    "_meta": {
      "savedObjectVersion": 2
    }
  },
  {
    "_id": "b8693ba0-0fbd-11e8-8dc5-e141d701899b",
    "_type": "visualization",
    "_source": {
      "title": "DMARC - Top Reporting Orgs",
      "visState": "{\"title\":\"DMARC - Top Reporting Orgs\",\"type\":\"pie\",\"params\":{\"type\":\"pie\",\"addTooltip\":true,\"addLegend\":true,\"legendPosition\":\"right\",\"isDonut\":true,\"labels\":{\"show\":true,\"values\":false,\"last_level\":true,\"truncate\":100}},\"aggs\":[{\"id\":\"1\",\"enabled\":true,\"type\":\"count\",\"schema\":\"metric\",\"params\":{}},{\"id\":\"2\",\"enabled\":true,\"type\":\"terms\",\"schema\":\"segment\",\"params\":{\"field\":\"report.org.keyword\",\"size\":7,\"order\":\"desc\",\"orderBy\":\"1\",\"customLabel\":\"Reporting Organization\"}}]}",
      "uiStateJSON": "{\"vis\":{\"legendOpen\":false}}",
      "description": "",
      "version": 1,
      "kibanaSavedObjectMeta": {
        "searchSourceJSON": "{\"index\":\"dmarcxml-*\",\"filter\":[],\"query\":{\"query\":\"\",\"language\":\"lucene\"}}"
      }
    },
    "_meta": {
      "savedObjectVersion": 2
    }
  },
  {
    "_id": "b3851180-1f4f-11e8-9724-59524d75d35b",
    "_type": "visualization",
    "_source": {
      "title": "DMARC - Top Senders (Region)",
      "visState": "{\"title\":\"DMARC - Top Senders (Region)\",\"type\":\"horizontal_bar\",\"params\":{\"type\":\"histogram\",\"grid\":{\"categoryLines\":false,\"style\":{\"color\":\"#eee\"},\"valueAxis\":\"ValueAxis-1\"},\"categoryAxes\":[{\"id\":\"CategoryAxis-1\",\"type\":\"category\",\"position\":\"left\",\"show\":true,\"style\":{},\"scale\":{\"type\":\"linear\"},\"labels\":{\"show\":true,\"rotate\":0,\"filter\":false,\"truncate\":200},\"title\":{}}],\"valueAxes\":[{\"id\":\"ValueAxis-1\",\"name\":\"LeftAxis-1\",\"type\":\"value\",\"position\":\"bottom\",\"show\":true,\"style\":{},\"scale\":{\"type\":\"linear\",\"mode\":\"normal\"},\"labels\":{\"show\":true,\"rotate\":75,\"filter\":true,\"truncate\":100},\"title\":{\"text\":\"Emails\"}}],\"seriesParams\":[{\"show\":true,\"type\":\"histogram\",\"mode\":\"normal\",\"data\":{\"label\":\"Emails\",\"id\":\"1\"},\"valueAxis\":\"ValueAxis-1\",\"drawLinesBetweenPoints\":true,\"showCircles\":true}],\"addTooltip\":true,\"addLegend\":true,\"legendPosition\":\"right\",\"times\":[],\"addTimeMarker\":false,\"orderBucketsBySum\":true},\"aggs\":[{\"id\":\"1\",\"enabled\":true,\"type\":\"count\",\"schema\":\"metric\",\"params\":{\"customLabel\":\"Emails\"}},{\"id\":\"2\",\"enabled\":true,\"type\":\"terms\",\"schema\":\"segment\",\"params\":{\"field\":\"geoip.region_name.keyword\",\"otherBucket\":false,\"otherBucketLabel\":\"Other\",\"missingBucket\":false,\"missingBucketLabel\":\"Missing\",\"size\":5,\"order\":\"desc\",\"orderBy\":\"1\",\"customLabel\":\"City\"}}]}",
      "uiStateJSON": "{}",
      "description": "",
      "version": 1,
      "kibanaSavedObjectMeta": {
        "searchSourceJSON": "{\"index\":\"dmarcxml-*\",\"filter\":[],\"query\":{\"query\":\"\",\"language\":\"lucene\"}}"
      }
    },
    "_meta": {
      "savedObjectVersion": 2
    }
  },
  {
    "_id": "e08d10a0-2b1c-11e8-b837-2149440f704a",
    "_type": "visualization",
    "_source": {
      "title": "DMARC - Region Map - World - DefaultMap",
      "visState": "{\"title\":\"DMARC - Region Map - World - DefaultMap\",\"type\":\"region_map\",\"params\":{\"legendPosition\":\"bottomright\",\"addTooltip\":true,\"colorSchema\":\"Reds\",\"selectedLayer\":{\"attribution\":\"<p><a href=\\\"http://www.naturalearthdata.com/about/terms-of-use\\\">Made with NaturalEarth</a> | <a href=\\\"https://www.elastic.co/elastic-maps-service\\\">Elastic Maps Service</a></p>&#10;\",\"name\":\"World Countries\",\"format\":{\"type\":\"geojson\"},\"url\":\"https://vector.maps.elastic.co/blob/5659313586569216?elastic_tile_service_tos=agree&my_app_version=6.2.2\",\"fields\":[{\"name\":\"iso2\",\"description\":\"Two letter abbreviation\"},{\"name\":\"name\",\"description\":\"Country name\"},{\"name\":\"iso3\",\"description\":\"Three letter abbreviation\"}],\"created_at\":\"2017-04-26T17:12:15.978370\",\"tags\":[],\"id\":5659313586569216,\"layerId\":\"elastic_maps_service.World Countries\"},\"selectedJoinField\":{\"name\":\"name\",\"description\":\"Country name\"},\"isDisplayWarning\":false,\"wms\":{\"enabled\":false,\"options\":{\"format\":\"image/png\",\"transparent\":true},\"baseLayersAreLoaded\":{\"_c\":[],\"_s\":1,\"_d\":true,\"_v\":true,\"_h\":0,\"_n\":false},\"tmsLayers\":[{\"id\":\"road_map\",\"url\":\"https://tiles.maps.elastic.co/v2/default/{z}/{x}/{y}.png?elastic_tile_service_tos=agree&my_app_name=kibana&my_app_version=6.2.2\",\"minZoom\":0,\"maxZoom\":10,\"attribution\":\"<p>&#169; <a href=\\\"http://www.openstreetmap.org/copyright\\\">OpenStreetMap</a> contributors | <a href=\\\"https://www.elastic.co/elastic-maps-service\\\">Elastic Maps Service</a></p>&#10;\",\"subdomains\":[]}],\"selectedTmsLayer\":{\"id\":\"road_map\",\"url\":\"https://tiles.maps.elastic.co/v2/default/{z}/{x}/{y}.png?elastic_tile_service_tos=agree&my_app_name=kibana&my_app_version=6.2.2\",\"minZoom\":0,\"maxZoom\":10,\"attribution\":\"<p>&#169; <a href=\\\"http://www.openstreetmap.org/copyright\\\">OpenStreetMap</a> contributors | <a href=\\\"https://www.elastic.co/elastic-maps-service\\\">Elastic Maps Service</a></p>&#10;\",\"subdomains\":[]}},\"mapZoom\":2,\"mapCenter\":[0,0],\"outlineWeight\":1,\"showAllShapes\":true},\"aggs\":[{\"id\":\"1\",\"enabled\":true,\"type\":\"count\",\"schema\":\"metric\",\"params\":{}},{\"id\":\"2\",\"enabled\":true,\"type\":\"terms\",\"schema\":\"segment\",\"params\":{\"field\":\"geoip.country_name.keyword\",\"otherBucket\":false,\"otherBucketLabel\":\"Other\",\"missingBucket\":false,\"missingBucketLabel\":\"Missing\",\"size\":100000000,\"order\":\"desc\",\"orderBy\":\"1\"}}]}",
      "uiStateJSON": "{\"mapZoom\":3,\"mapCenter\":[6.664607562172573,5.097656250000001]}",
      "description": "",
      "version": 1,
      "kibanaSavedObjectMeta": {
        "searchSourceJSON": "{\"index\":\"dmarcxml-*\",\"filter\":[],\"query\":{\"query\":\"\",\"language\":\"lucene\"}}"
      }
    },
    "_meta": {
      "savedObjectVersion": 2
    }
  },
  {
    "_id": "fe0d2020-2af4-11e8-82fd-c3afa5ff1700",
    "_type": "visualization",
    "_source": {
      "title": "DMARC - Top Senders (IP)",
      "visState": "{\"title\":\"DMARC - Top Senders (IP)\",\"type\":\"table\",\"params\":{\"perPage\":10,\"showPartialRows\":false,\"showMeticsAtAllLevels\":false,\"sort\":{\"columnIndex\":null,\"direction\":null},\"showTotal\":true,\"totalFunc\":\"sum\"},\"aggs\":[{\"id\":\"1\",\"enabled\":true,\"type\":\"count\",\"schema\":\"metric\",\"params\":{\"customLabel\":\"Entries Reported\"}},{\"id\":\"2\",\"enabled\":true,\"type\":\"terms\",\"schema\":\"bucket\",\"params\":{\"field\":\"email.source_ip\",\"otherBucket\":false,\"otherBucketLabel\":\"Other\",\"missingBucket\":false,\"missingBucketLabel\":\"Missing\",\"size\":10,\"order\":\"desc\",\"orderBy\":\"1\",\"customLabel\":\"IP Address\"}}]}",
      "uiStateJSON": "{\"vis\":{\"params\":{\"sort\":{\"columnIndex\":null,\"direction\":null}}}}",
      "description": "",
      "version": 1,
      "kibanaSavedObjectMeta": {
        "searchSourceJSON": "{\"index\":\"dmarcxml-*\",\"filter\":[],\"query\":{\"query\":\"\",\"language\":\"lucene\"}}"
      }
    },
    "_meta": {
      "savedObjectVersion": 2
    }
  },
  {
    "_id": "d24e3380-2af3-11e8-82fd-c3afa5ff1700",
    "_type": "visualization",
    "_source": {
      "title": "DMARC - Top Senders (Domain)",
      "visState": "{\"title\":\"DMARC - Top Senders (Domain)\",\"type\":\"horizontal_bar\",\"params\":{\"type\":\"histogram\",\"grid\":{\"categoryLines\":false,\"style\":{\"color\":\"#eee\"},\"valueAxis\":\"ValueAxis-1\"},\"categoryAxes\":[{\"id\":\"CategoryAxis-1\",\"type\":\"category\",\"position\":\"left\",\"show\":true,\"style\":{},\"scale\":{\"type\":\"linear\"},\"labels\":{\"show\":true,\"rotate\":0,\"filter\":false,\"truncate\":20},\"title\":{}}],\"valueAxes\":[{\"id\":\"ValueAxis-1\",\"name\":\"LeftAxis-1\",\"type\":\"value\",\"position\":\"bottom\",\"show\":true,\"style\":{},\"scale\":{\"type\":\"linear\",\"mode\":\"normal\"},\"labels\":{\"show\":true,\"rotate\":75,\"filter\":true,\"truncate\":100},\"title\":{\"text\":\"Count\"}}],\"seriesParams\":[{\"show\":true,\"type\":\"histogram\",\"mode\":\"normal\",\"data\":{\"label\":\"Count\",\"id\":\"1\"},\"valueAxis\":\"ValueAxis-1\",\"drawLinesBetweenPoints\":true,\"showCircles\":true}],\"addTooltip\":true,\"addLegend\":true,\"legendPosition\":\"right\",\"times\":[],\"addTimeMarker\":false,\"orderBucketsBySum\":true},\"aggs\":[{\"id\":\"1\",\"enabled\":true,\"type\":\"count\",\"schema\":\"metric\",\"params\":{}},{\"id\":\"2\",\"enabled\":true,\"type\":\"terms\",\"schema\":\"segment\",\"params\":{\"field\":\"auth_result.spf_domain.keyword\",\"otherBucket\":false,\"otherBucketLabel\":\"Other\",\"missingBucket\":false,\"missingBucketLabel\":\"Missing\",\"size\":5,\"order\":\"desc\",\"orderBy\":\"_term\",\"customLabel\":\"Domain\"}}]}",
      "uiStateJSON": "{\"vis\":{\"legendOpen\":false}}",
      "description": "",
      "version": 1,
      "kibanaSavedObjectMeta": {
        "searchSourceJSON": "{\"index\":\"dmarcxml-*\",\"filter\":[],\"query\":{\"query\":\"\",\"language\":\"lucene\"}}"
      }
    },
    "_meta": {
      "savedObjectVersion": 2
    }
  },
  {
    "_id": "17d5b590-1f4b-11e8-9724-59524d75d35b",
    "_type": "visualization",
    "_source": {
      "title": "DMARC - Top Senders (Country)",
      "visState": "{\"title\":\"DMARC - Top Senders (Country)\",\"type\":\"horizontal_bar\",\"params\":{\"type\":\"histogram\",\"grid\":{\"categoryLines\":false,\"style\":{\"color\":\"#eee\"},\"valueAxis\":\"ValueAxis-1\"},\"categoryAxes\":[{\"id\":\"CategoryAxis-1\",\"type\":\"category\",\"position\":\"left\",\"show\":true,\"style\":{},\"scale\":{\"type\":\"linear\"},\"labels\":{\"show\":true,\"rotate\":0,\"filter\":false,\"truncate\":100},\"title\":{}}],\"valueAxes\":[{\"id\":\"ValueAxis-1\",\"name\":\"BottomAxis-1\",\"type\":\"value\",\"position\":\"bottom\",\"show\":true,\"style\":{},\"scale\":{\"type\":\"linear\",\"mode\":\"normal\",\"defaultYExtents\":false,\"setYExtents\":false},\"labels\":{\"show\":true,\"rotate\":75,\"filter\":false,\"truncate\":100},\"title\":{\"text\":\"\"}}],\"seriesParams\":[{\"show\":true,\"type\":\"histogram\",\"mode\":\"normal\",\"data\":{\"label\":\"Emails\",\"id\":\"1\"},\"valueAxis\":\"ValueAxis-1\",\"drawLinesBetweenPoints\":true,\"showCircles\":true}],\"addTooltip\":true,\"addLegend\":true,\"legendPosition\":\"right\",\"times\":[],\"addTimeMarker\":false,\"radiusRatio\":51,\"orderBucketsBySum\":true},\"aggs\":[{\"id\":\"1\",\"enabled\":true,\"type\":\"count\",\"schema\":\"metric\",\"params\":{\"customLabel\":\"Emails\"}},{\"id\":\"3\",\"enabled\":true,\"type\":\"terms\",\"schema\":\"segment\",\"params\":{\"field\":\"geoip.country_name.keyword\",\"otherBucket\":false,\"otherBucketLabel\":\"Other\",\"missingBucket\":false,\"missingBucketLabel\":\"Missing\",\"size\":5,\"order\":\"desc\",\"orderBy\":\"1\",\"customLabel\":\"Country\"}}]}",
      "uiStateJSON": "{\"vis\":{\"legendOpen\":false},\"spy\":null}",
      "description": "",
      "version": 1,
      "kibanaSavedObjectMeta": {
        "searchSourceJSON": "{\"index\":\"dmarcxml-*\",\"filter\":[],\"query\":{\"query\":\"\",\"language\":\"lucene\"}}"
      }
    },
    "_meta": {
      "savedObjectVersion": 2
    }
  }
]